<?xml version="1.0" encoding="UTF-8" ?>
<feed  version="1.0" hasPendingRequests="false" >
  <company></company>
  <status>200</status>
  <errmsg>OK</errmsg>
  <interval>0</interval>
    <entry type="predatasource">
        <version>1505749679</version>
        <name>HP Server Power Supply-</name>
        <displayedas>Power Supply (chassis.slot)-</displayedas>
        <description></description>
        <collector>snmp</collector>
        <hasMultiInstances>true</hasMultiInstances>
        <schedule>180</schedule>
        <appliesTo>hasCategory(&#34;snmp&#34;) &#38;&#38; Servers()</appliesTo>
        <wildcardauto>true</wildcardauto>
        <wildcardpersist>false</wildcardpersist>
        <wildcardlinuxscript>ad_snmp</wildcardlinuxscript>
        <wildcardlinuxcmdline> type=&#34;wildcard&#34; oid=&#34;.1.3.6.1.4.1.232.6.2.9.3.1.2&#34;  descOid=&#34;.1.3.6.1.4.1.232.6.2.9.3.1.15&#34; oid2=&#34;&#34;  </wildcardlinuxcmdline>
        <wildcardwinscript>ad_snmp</wildcardwinscript>
        <wildcardwincmdline> type=&#34;wildcard&#34; oid=&#34;.1.3.6.1.4.1.232.6.2.9.3.1.2&#34;  descOid=&#34;.1.3.6.1.4.1.232.6.2.9.3.1.15&#34; oid2=&#34;&#34;  </wildcardwincmdline>
        <wildcardgroovyscript></wildcardgroovyscript>
        <wildcardschedule>0</wildcardschedule>
        <wildcarddisable>false</wildcarddisable>
        <wildcarddeleteinactive>false</wildcarddeleteinactive>
        <agdmethod>none</agdmethod>
        <agdparams></agdparams>
        <group>HP Health</group>
        <tags>psu,hp,power,chassis,hardware,power supply</tags>
        <technology></technology>
        <adlist><![CDATA[{"agdmethod":"none","method":"ad_snmp","agdparams":"","id":0,"filters":[{"attribute":".1.3.6.1.4.1.232.6.2.9.3.1.3","operation":"Equal","value":"3"}],"params":{"descOid":".1.3.6.1.4.1.232.6.2.9.3.1.15","oid":".1.3.6.1.4.1.232.6.2.9.3.1.2","ILP":"[]","oid2":"","type":"wildcard"}}]]></adlist>
        <schemaVersion>2</schemaVersion>
        <dataSourceType>1</dataSourceType>
        <attributes>
        <attribute>
            <name>ip</name>
            <value>dns</value>
            <comment></comment>
        </attribute>
        <attribute>
            <name>__filter_0</name>
            <value>.1.3.6.1.4.1.232.6.2.9.3.1.3	Equal	3</value>
            <comment>Only monitor if present</comment>
        </attribute>
        </attributes>
        <datapoints>
        <datapoint>
            <name>Condition</name>
            <dataType>7</dataType>
            <type>2</type>
            <postprocessormethod>none</postprocessormethod>
            <postprocessorparam></postprocessorparam>
            <usevalue></usevalue>
            <alertexpr>= 3 4</alertexpr>
            <alertmissing>1</alertmissing>
            <alertsubject>Power supply is not OK</alertsubject>
            <alertbody>The power supply in slot ##DSIDESCRIPTION## on ##HOST## is reporting a status of ##VALUE##, which means:

3-degraded 
4-failed

This started at ##START## - or ##DURATION## ago.</alertbody>
            <enableanomalyalertsuppression></enableanomalyalertsuppression>
            <adadvsettingenabled>false</adadvsettingenabled>
            <warnadadvsetting></warnadadvsetting>
            <erroradadvsetting></erroradadvsetting>
            <criticaladadvsetting></criticaladadvsetting>
            <description>The condition of the power supply.

other(1)
The status could not be determined or not present.
ok(2)
The power supply is operating normally.
degraded(3)
A temperature sensor, fan or other power supply component is
outside of normal operating range.
failed(4)
A power supply component detects a condition that could
permanently damage the system.</description>
            <maxvalue></maxvalue>
            <minvalue>0</minvalue>
            <userparam1>.1.3.6.1.4.1.232.6.2.9.3.1.4.##WILDVALUE##</userparam1>
            <userparam2></userparam2>
            <userparam3></userparam3>
            <iscomposite>false</iscomposite>
            <rpn></rpn>
            <alertTransitionIval>5</alertTransitionIval>
            <alertClearTransitionIval>0</alertClearTransitionIval>
        </datapoint>
        <datapoint>
            <name>PowerMax</name>
            <dataType>7</dataType>
            <type>2</type>
            <postprocessormethod>none</postprocessormethod>
            <postprocessorparam></postprocessorparam>
            <usevalue></usevalue>
            <alertexpr></alertexpr>
            <alertmissing>1</alertmissing>
            <alertsubject></alertsubject>
            <alertbody></alertbody>
            <enableanomalyalertsuppression></enableanomalyalertsuppression>
            <adadvsettingenabled>false</adadvsettingenabled>
            <warnadadvsetting></warnadadvsetting>
            <erroradadvsetting></erroradadvsetting>
            <criticaladadvsetting></criticaladadvsetting>
            <description>The maximum capacity of the power supply in watts.</description>
            <maxvalue></maxvalue>
            <minvalue>0</minvalue>
            <userparam1>.1.3.6.1.4.1.232.6.2.9.3.1.8.##WILDVALUE##</userparam1>
            <userparam2></userparam2>
            <userparam3></userparam3>
            <iscomposite>false</iscomposite>
            <rpn></rpn>
            <alertTransitionIval>5</alertTransitionIval>
            <alertClearTransitionIval>0</alertClearTransitionIval>
        </datapoint>
        <datapoint>
            <name>PowerUsagePerCent</name>
            <dataType>7</dataType>
            <type>2</type>
            <postprocessormethod>expression</postprocessormethod>
            <postprocessorparam>if(gt(PowerMax,0),100*(PowerUsed/PowerMax),0)</postprocessorparam>
            <usevalue></usevalue>
            <alertexpr>&#62; 90</alertexpr>
            <alertmissing>1</alertmissing>
            <alertsubject></alertsubject>
            <alertbody>Power Supply ##DSIDESCRIPTION## is using more than ##VALUE##% of its max power.</alertbody>
            <enableanomalyalertsuppression></enableanomalyalertsuppression>
            <adadvsettingenabled>false</adadvsettingenabled>
            <warnadadvsetting></warnadadvsetting>
            <erroradadvsetting></erroradadvsetting>
            <criticaladadvsetting></criticaladadvsetting>
            <description></description>
            <maxvalue></maxvalue>
            <minvalue></minvalue>
            <userparam1></userparam1>
            <userparam2></userparam2>
            <userparam3></userparam3>
            <iscomposite>false</iscomposite>
            <rpn></rpn>
            <alertTransitionIval>5</alertTransitionIval>
            <alertClearTransitionIval>0</alertClearTransitionIval>
        </datapoint>
        <datapoint>
            <name>PowerUsed</name>
            <dataType>7</dataType>
            <type>2</type>
            <postprocessormethod>none</postprocessormethod>
            <postprocessorparam></postprocessorparam>
            <usevalue></usevalue>
            <alertexpr></alertexpr>
            <alertmissing>1</alertmissing>
            <alertsubject></alertsubject>
            <alertbody></alertbody>
            <enableanomalyalertsuppression></enableanomalyalertsuppression>
            <adadvsettingenabled>false</adadvsettingenabled>
            <warnadadvsetting></warnadadvsetting>
            <erroradadvsetting></erroradadvsetting>
            <criticaladadvsetting></criticaladadvsetting>
            <description>The currently used capacity of the power supply in watts.</description>
            <maxvalue></maxvalue>
            <minvalue>0</minvalue>
            <userparam1>.1.3.6.1.4.1.232.6.2.9.3.1.7.##WILDVALUE##</userparam1>
            <userparam2></userparam2>
            <userparam3></userparam3>
            <iscomposite>false</iscomposite>
            <rpn></rpn>
            <alertTransitionIval>5</alertTransitionIval>
            <alertClearTransitionIval>0</alertClearTransitionIval>
        </datapoint>
        <datapoint>
            <name>Status</name>
            <dataType>7</dataType>
            <type>2</type>
            <postprocessormethod>none</postprocessormethod>
            <postprocessorparam></postprocessorparam>
            <usevalue></usevalue>
            <alertexpr>!= 1</alertexpr>
            <alertmissing>1</alertmissing>
            <alertsubject>Power supply is not OK</alertsubject>
            <alertbody>The power supply in slot ##DSIDESCRIPTION## on ##HOST## is reporting a status of ##VALUE##, which means:

generalFailure(2),
bistFailure(3),
fanFailure(4),
tempFailure(5),
interlockOpen(6),
epromFailed(7),
vrefFailed(8),
dacFailed(9),
ramTestFailed(10),
voltageChannelFailed(11),
orringdiodeFailed(12),
brownOut(13),
giveupOnStartup(14),
nvramInvalid(15),
calibrationTableInvalid(16)

This started at ##START## - or ##DURATION## ago.</alertbody>
            <enableanomalyalertsuppression></enableanomalyalertsuppression>
            <adadvsettingenabled>false</adadvsettingenabled>
            <warnadadvsetting></warnadadvsetting>
            <erroradadvsetting></erroradadvsetting>
            <criticaladadvsetting></criticaladadvsetting>
            <description>See alert text for details.</description>
            <maxvalue></maxvalue>
            <minvalue>0</minvalue>
            <userparam1>.1.3.6.1.4.1.232.6.2.9.3.1.5.##WILDVALUE##</userparam1>
            <userparam2></userparam2>
            <userparam3></userparam3>
            <iscomposite>false</iscomposite>
            <rpn></rpn>
            <alertTransitionIval>5</alertTransitionIval>
            <alertClearTransitionIval>0</alertClearTransitionIval>
        </datapoint>
        </datapoints>
        <graphs>
        <graph>
            <name>Condition</name>
            <title>Condition</title>
            <verticallabel>code</verticallabel>
            <rigid>true</rigid>
            <maxvalue>8.0</maxvalue>
            <minvalue>0.0</minvalue>
            <displayprio>1</displayprio>
            <timescale>1day</timescale>
            <base1024>false</base1024>
            <graphdatapoints>
        <graphdatapoint>
            <name>Condition</name>
            <datapointname>Condition</datapointname>
            <cf>1</cf>
        </graphdatapoint>
            </graphdatapoints>
            <graphvirtualdatapoints>
            </graphvirtualdatapoints>
            <graphdatas>
            <graphdata>
                <type>1</type>
                <legend>1-other 2-OK 3-degraded 4-failed</legend>
                <color>blue</color>
                <datapointname>Condition</datapointname>
                <isvirtualdatapoint>false</isvirtualdatapoint>
            </graphdata>
            </graphdatas>
        </graph>
        <graph>
            <name>Power Usage</name>
            <title>Power Usage</title>
            <verticallabel>%</verticallabel>
            <rigid>true</rigid>
            <maxvalue>100.0</maxvalue>
            <minvalue>0.0</minvalue>
            <displayprio>1</displayprio>
            <timescale>1day</timescale>
            <base1024>false</base1024>
            <graphdatapoints>
        <graphdatapoint>
            <name>PowerMax</name>
            <datapointname>PowerMax</datapointname>
            <cf>1</cf>
        </graphdatapoint>
        <graphdatapoint>
            <name>used</name>
            <datapointname>PowerUsed</datapointname>
            <cf>1</cf>
        </graphdatapoint>
            </graphdatapoints>
            <graphvirtualdatapoints>
        <graphvirtualdatapoint>
            <name>Usage</name>
            <rpn>100*(used/PowerMax)</rpn>
        </graphvirtualdatapoint>
            </graphvirtualdatapoints>
            <graphdatas>
            <graphdata>
                <type>1</type>
                <legend>Power Usage (%)</legend>
                <color>blue</color>
                <datapointname>Usage</datapointname>
                <isvirtualdatapoint>true</isvirtualdatapoint>
            </graphdata>
            </graphdatas>
        </graph>
        <graph>
            <name>Status</name>
            <title>Status</title>
            <verticallabel>code</verticallabel>
            <rigid>true</rigid>
            <maxvalue>10.0</maxvalue>
            <minvalue>0.0</minvalue>
            <displayprio>1</displayprio>
            <timescale>1day</timescale>
            <base1024>false</base1024>
            <graphdatapoints>
        <graphdatapoint>
            <name>Status</name>
            <datapointname>Status</datapointname>
            <cf>1</cf>
        </graphdatapoint>
            </graphdatapoints>
            <graphvirtualdatapoints>
            </graphvirtualdatapoints>
            <graphdatas>
            <graphdata>
                <type>1</type>
                <legend>noError(1), generalFailure(2), fanFailure(4), tempFailure(5)</legend>
                <color>blue</color>
                <datapointname>Status</datapointname>
                <isvirtualdatapoint>false</isvirtualdatapoint>
            </graphdata>
            </graphdatas>
        </graph>
        </graphs>
        <overviewgraphs>
        </overviewgraphs>
        <scripts>
        </scripts>
    </entry>
</feed>
