<?xml version="1.0" encoding="UTF-8" ?>
<feed  version="1.0" hasPendingRequests="false" >
  <company></company>
  <status>200</status>
  <errmsg>OK</errmsg>
  <interval>0</interval>
    <entry type="predatasource">
        <version>1505749679</version>
        <name>HP Server Temp-</name>
        <displayedas>Temperature-</displayedas>
        <description></description>
        <collector>snmp</collector>
        <hasMultiInstances>true</hasMultiInstances>
        <schedule>360</schedule>
        <appliesTo>hasCategory(&#34;snmp&#34;) &#38;&#38; Servers()</appliesTo>
        <wildcardauto>true</wildcardauto>
        <wildcardpersist>false</wildcardpersist>
        <wildcardlinuxscript>ad_snmp</wildcardlinuxscript>
        <wildcardlinuxcmdline> type=&#34;value&#34; oid=&#34;.1.3.6.1.4.1.232.6.2.6.8.1.2&#34;  descOid=&#34;.1.3.6.1.4.1.232.6.2.6.8.1.3&#34; oid2=&#34;&#34;  </wildcardlinuxcmdline>
        <wildcardwinscript>ad_snmp</wildcardwinscript>
        <wildcardwincmdline> type=&#34;value&#34; oid=&#34;.1.3.6.1.4.1.232.6.2.6.8.1.2&#34;  descOid=&#34;.1.3.6.1.4.1.232.6.2.6.8.1.3&#34; oid2=&#34;&#34;  </wildcardwincmdline>
        <wildcardgroovyscript></wildcardgroovyscript>
        <wildcardschedule>0</wildcardschedule>
        <wildcarddisable>false</wildcarddisable>
        <wildcarddeleteinactive>false</wildcarddeleteinactive>
        <agdmethod>none</agdmethod>
        <agdparams></agdparams>
        <group>HP Health</group>
        <tags>hp,temperature,health,sensor,hardware</tags>
        <technology></technology>
        <adlist><![CDATA[{"agdmethod":"none","method":"ad_snmp","agdparams":"","id":0,"filters":[],"params":{"descOid":".1.3.6.1.4.1.232.6.2.6.8.1.3","oid":".1.3.6.1.4.1.232.6.2.6.8.1.2","ILP":"[]","oid2":"","type":"value"}}]]></adlist>
        <schemaVersion>2</schemaVersion>
        <dataSourceType>1</dataSourceType>
        <attributes>
        <attribute>
            <name>ip</name>
            <value>dns</value>
            <comment></comment>
        </attribute>
        </attributes>
        <datapoints>
        <datapoint>
            <name>TempC</name>
            <dataType>7</dataType>
            <type>2</type>
            <postprocessormethod>none</postprocessormethod>
            <postprocessorparam></postprocessorparam>
            <usevalue></usevalue>
            <alertexpr></alertexpr>
            <alertmissing>1</alertmissing>
            <alertsubject></alertsubject>
            <alertbody></alertbody>
            <enableanomalyalertsuppression></enableanomalyalertsuppression>
            <adadvsettingenabled>false</adadvsettingenabled>
            <warnadadvsetting></warnadadvsetting>
            <erroradadvsetting></erroradadvsetting>
            <criticaladadvsetting></criticaladadvsetting>
            <description>other(1), unknown(2), system(3), systemBoard(4), ioBoard(5), cpu(6), memory(7), storage(8), removableMedia(9), powerSupply(10), ambient(11), chassis(12), bridgeCard(13)</description>
            <maxvalue></maxvalue>
            <minvalue>0</minvalue>
            <userparam1>.1.3.6.1.4.1.232.6.2.6.8.1.4.##WILDVALUE##</userparam1>
            <userparam2></userparam2>
            <userparam3></userparam3>
            <iscomposite>false</iscomposite>
            <rpn></rpn>
            <alertTransitionIval>5</alertTransitionIval>
            <alertClearTransitionIval>0</alertClearTransitionIval>
        </datapoint>
        <datapoint>
            <name>TempCondition</name>
            <dataType>7</dataType>
            <type>2</type>
            <postprocessormethod>none</postprocessormethod>
            <postprocessorparam></postprocessorparam>
            <usevalue></usevalue>
            <alertexpr>&#62; 2 3</alertexpr>
            <alertmissing>1</alertmissing>
            <alertsubject></alertsubject>
            <alertbody>The temperature on ##HOST## sensor location ##DSIDESCRIPTION## is now reporting an abnormal status of ##VALUE## degrees.  Status of 3 means outside of normal range; status 4 means a temperature condition that could damage the system.  Sensor locations mean:  other(1), unknown(2), system(3), systemBoard(4), ioBoard(5), cpu(6), memory(7), storage(8), removableMedia(9), powerSupply(10), ambient(11), chassis(12), bridgeCard(13) This started at ##START## - or ##DURATION## ago.</alertbody>
            <enableanomalyalertsuppression></enableanomalyalertsuppression>
            <adadvsettingenabled>false</adadvsettingenabled>
            <warnadadvsetting></warnadadvsetting>
            <erroradadvsetting></erroradadvsetting>
            <criticaladadvsetting></criticaladadvsetting>
            <description>The Temperature sensor condition: other(1) : Temperature could not be determined. ok(2) : The temperature sensor is within normal operating range. degraded(3) : The temperature sensor is outside of normal operating range. failed(4) : The temperature sensor detects a condition that could permanently damage the system.</description>
            <maxvalue></maxvalue>
            <minvalue>0</minvalue>
            <userparam1>.1.3.6.1.4.1.232.6.2.6.8.1.6.##WILDVALUE##</userparam1>
            <userparam2></userparam2>
            <userparam3></userparam3>
            <iscomposite>false</iscomposite>
            <rpn></rpn>
            <alertTransitionIval>1</alertTransitionIval>
            <alertClearTransitionIval>0</alertClearTransitionIval>
        </datapoint>
        <datapoint>
            <name>TempThreshold</name>
            <dataType>7</dataType>
            <type>2</type>
            <postprocessormethod>none</postprocessormethod>
            <postprocessorparam></postprocessorparam>
            <usevalue></usevalue>
            <alertexpr></alertexpr>
            <alertmissing>1</alertmissing>
            <alertsubject></alertsubject>
            <alertbody></alertbody>
            <enableanomalyalertsuppression></enableanomalyalertsuppression>
            <adadvsettingenabled>false</adadvsettingenabled>
            <warnadadvsetting></warnadadvsetting>
            <erroradadvsetting></erroradadvsetting>
            <criticaladadvsetting></criticaladadvsetting>
            <description>This is the temperature in which the sensor will be considered to be in a failed state thus causing the system to be shutdown.</description>
            <maxvalue></maxvalue>
            <minvalue>0</minvalue>
            <userparam1>.1.3.6.1.4.1.232.6.2.6.8.1.5.##WILDVALUE##</userparam1>
            <userparam2></userparam2>
            <userparam3></userparam3>
            <iscomposite>false</iscomposite>
            <rpn></rpn>
            <alertTransitionIval>5</alertTransitionIval>
            <alertClearTransitionIval>0</alertClearTransitionIval>
        </datapoint>
        </datapoints>
        <graphs>
        <graph>
            <name>Temperature</name>
            <title>Loc&#39;n ##DSIDESCRIPTION##: 3:system 4:sysBoard 5:ioBoard 6:cpu 7:mem 8:storage 9:Media 10:p Supply 11:ambient 12:chassis 13: bridgeCard</title>
            <verticallabel>Celcius</verticallabel>
            <rigid>true</rigid>
            <maxvalue>NaN</maxvalue>
            <minvalue>0.0</minvalue>
            <displayprio>1</displayprio>
            <timescale>1day</timescale>
            <base1024>false</base1024>
            <graphdatapoints>
        <graphdatapoint>
            <name>TempC</name>
            <datapointname>TempC</datapointname>
            <cf>1</cf>
        </graphdatapoint>
        <graphdatapoint>
            <name>TempThreshold</name>
            <datapointname>TempThreshold</datapointname>
            <cf>1</cf>
        </graphdatapoint>
            </graphdatapoints>
            <graphvirtualdatapoints>
            </graphvirtualdatapoints>
            <graphdatas>
            <graphdata>
                <type>1</type>
                <legend>Temperature</legend>
                <color>blue</color>
                <datapointname>TempC</datapointname>
                <isvirtualdatapoint>false</isvirtualdatapoint>
            </graphdata>
            <graphdata>
                <type>1</type>
                <legend>Failure threshold</legend>
                <color>aqua</color>
                <datapointname>TempThreshold</datapointname>
                <isvirtualdatapoint>false</isvirtualdatapoint>
            </graphdata>
            </graphdatas>
        </graph>
        </graphs>
        <overviewgraphs>
        <overviewgraph>
            <name>Temperature</name>
            <title>Temperature</title>
            <verticallabel>Celsius</verticallabel>
            <rigid>true</rigid>
            <maxvalue>NaN</maxvalue>
            <minvalue>NaN</minvalue>
            <displayprio>1</displayprio>
            <timescale>1day</timescale>
            <base1024>false</base1024>
            <aggregated>false</aggregated>
            <datapoints>
        <overviewgraphdatapoint>
            <name>TempC</name>
            <datapointname>TempC</datapointname>
            <cf>1</cf>
            <aggregateMethod>SUM</aggregateMethod>
        </overviewgraphdatapoint>
            </datapoints>
            <virtualdatapoints>
            </virtualdatapoints>
            <lines>
            <overviewgraphline>
                <type>1</type>
                <legend>##INSTANCE##</legend>
                <datapointname>TempC</datapointname>
                <isvirtualdatapoint>false</isvirtualdatapoint>
                <color>Auto</color>
            </overviewgraphline>
            </lines>
        </overviewgraph>
        </overviewgraphs>
        <scripts>
        </scripts>
    </entry>
</feed>
