<?xml version="1.0" encoding="UTF-8" ?>
<feed  version="1.0" hasPendingRequests="false" >
  <company></company>
  <status>200</status>
  <errmsg>OK</errmsg>
  <interval>0</interval>
    <entry type="predatasource">
        <version>1590697740</version>
        <name>Windows_SNMP_Volumes</name>
        <displayedas>Disk Volumes</displayedas>
        <description>Collects windows disk usage metrics via snmp such as allocated units, total size, used space, and allocation failures.</description>
        <collector>snmp</collector>
        <hasMultiInstances>true</hasMultiInstances>
        <useWildValueAsUniqueIdentifier>false</useWildValueAsUniqueIdentifier>
        <schedule>120</schedule>
        <appliesTo>hasCategory(&#34;snmp&#34;) &#38;&#38; isWindows()</appliesTo>
        <wildcardauto>true</wildcardauto>
        <wildcardpersist>false</wildcardpersist>
        <wildcardlinuxscript>ad_snmp</wildcardlinuxscript>
        <wildcardlinuxcmdline> type=&#34;value&#34; oid=&#34;.1.3.6.1.2.1.25.2.3.1.3&#34;  descOid=&#34;&#34; oid2=&#34;&#34;  </wildcardlinuxcmdline>
        <wildcardwinscript>ad_snmp</wildcardwinscript>
        <wildcardwincmdline> type=&#34;value&#34; oid=&#34;.1.3.6.1.2.1.25.2.3.1.3&#34;  descOid=&#34;&#34; oid2=&#34;&#34;  </wildcardwincmdline>
        <wildcardgroovyscript></wildcardgroovyscript>
        <wildcardschedule>1440</wildcardschedule>
        <wildcarddisable>false</wildcarddisable>
        <wildcarddeleteinactive>false</wildcarddeleteinactive>
        <agdmethod>none</agdmethod>
        <agdparams></agdparams>
        <group></group>
        <tags>allocations,volumes,snmp,windows</tags>
        <technology></technology>
        <adlist><![CDATA[{"agdmethod":"none","method":"ad_snmp","agdparams":"","id":0,"filters":[{"attribute":".1.3.6.1.2.1.25.2.3.1.3","operation":"NotContain","value":"Memory"}],"params":{"descOid":"","ad_param_externalresourceid":"","oid":".1.3.6.1.2.1.25.2.3.1.3","ILP":"[]","oid2":"","type":"value","ad_param_externalresourcetype":""}}]]></adlist>
        <schemaVersion>2</schemaVersion>
    <integrationMetadata>
        <integrationVersion>1.0.0</integrationVersion>
        <integrationAuthorCompanyUuid>93a8113d-0a80-11e3-89bb-0050569703a4</integrationAuthorCompanyUuid>
        <integrationLineageId>2SarO1i3SpK7FHQavRb4xg</integrationLineageId>
        <integrationChecksum>6702b99714284d470dbca60302964073</integrationChecksum>
        <integrationAuthorNamespace>core</integrationAuthorNamespace>
        <integrationId>b4262af1-c55d-47d2-8d3b-a0b7ad4c5a51</integrationId>
    </integrationMetadata>
        <dataSourceType>1</dataSourceType>
        <attributes>
        <attribute>
            <name>ip</name>
            <value>dns</value>
            <comment></comment>
        </attribute>
        <attribute>
            <name>__filter_0</name>
            <value>.1.3.6.1.2.1.25.2.3.1.3	NotContain	Memory</value>
            <comment>Storage only</comment>
        </attribute>
        </attributes>
        <datapoints>
        <datapoint>
            <name>AllocationFailures</name>
            <originId></originId>
            <dataType>7</dataType>
            <type>2</type>
            <postprocessormethod>none</postprocessormethod>
            <postprocessorparam></postprocessorparam>
            <usevalue></usevalue>
            <alertexpr>&#62; 5</alertexpr>
            <alertmissing>1</alertmissing>
            <alertsubject></alertsubject>
            <alertbody>Allocation failures have been detected on ##INSTANCE## for ##HOST##. The amount of failures has surpassed ##THRESHOLD## number of times, for ##DURATION##.
The current value is ##VALUE## -- which is above the level ##LEVEL##
There may be an error with this drive. 
This started at ##START##</alertbody>
            <enableanomalyalertsuppression></enableanomalyalertsuppression>
            <adadvsettingenabled>false</adadvsettingenabled>
            <warnadadvsetting></warnadadvsetting>
            <erroradadvsetting></erroradadvsetting>
            <criticaladadvsetting></criticaladadvsetting>
            <description>Total number of allocation failures measured by count</description>
            <maxvalue></maxvalue>
            <minvalue>0</minvalue>
            <userparam1>.1.3.6.1.2.1.25.2.3.1.7.##WILDVALUE##</userparam1>
            <userparam2></userparam2>
            <userparam3></userparam3>
            <iscomposite>false</iscomposite>
            <rpn></rpn>
            <alertTransitionIval>0</alertTransitionIval>
            <alertClearTransitionIval>0</alertClearTransitionIval>
        </datapoint>
        <datapoint>
            <name>AllocationUnits</name>
            <originId></originId>
            <dataType>7</dataType>
            <type>2</type>
            <postprocessormethod>none</postprocessormethod>
            <postprocessorparam></postprocessorparam>
            <usevalue></usevalue>
            <alertexpr></alertexpr>
            <alertmissing>1</alertmissing>
            <alertsubject></alertsubject>
            <alertbody></alertbody>
            <enableanomalyalertsuppression></enableanomalyalertsuppression>
            <adadvsettingenabled>false</adadvsettingenabled>
            <warnadadvsetting></warnadadvsetting>
            <erroradadvsetting></erroradadvsetting>
            <criticaladadvsetting></criticaladadvsetting>
            <description>Total allocation units measured by cluster size</description>
            <maxvalue></maxvalue>
            <minvalue>0</minvalue>
            <userparam1>.1.3.6.1.2.1.25.2.3.1.4.##WILDVALUE##</userparam1>
            <userparam2></userparam2>
            <userparam3></userparam3>
            <iscomposite>false</iscomposite>
            <rpn></rpn>
            <alertTransitionIval>0</alertTransitionIval>
            <alertClearTransitionIval>0</alertClearTransitionIval>
        </datapoint>
        <datapoint>
            <name>PercentUsed</name>
            <originId></originId>
            <dataType>7</dataType>
            <type>2</type>
            <postprocessormethod>expression</postprocessormethod>
            <postprocessorparam>(Used/Size)*100</postprocessorparam>
            <usevalue></usevalue>
            <alertexpr></alertexpr>
            <alertmissing>1</alertmissing>
            <alertsubject></alertsubject>
            <alertbody></alertbody>
            <enableanomalyalertsuppression></enableanomalyalertsuppression>
            <adadvsettingenabled>false</adadvsettingenabled>
            <warnadadvsetting></warnadadvsetting>
            <erroradadvsetting></erroradadvsetting>
            <criticaladadvsetting></criticaladadvsetting>
            <description>Volume usage measured in percentage of total used.</description>
            <maxvalue>100</maxvalue>
            <minvalue>0</minvalue>
            <userparam1></userparam1>
            <userparam2></userparam2>
            <userparam3></userparam3>
            <iscomposite>false</iscomposite>
            <rpn></rpn>
            <alertTransitionIval>0</alertTransitionIval>
            <alertClearTransitionIval>0</alertClearTransitionIval>
        </datapoint>
        <datapoint>
            <name>Size</name>
            <originId></originId>
            <dataType>7</dataType>
            <type>2</type>
            <postprocessormethod>none</postprocessormethod>
            <postprocessorparam></postprocessorparam>
            <usevalue></usevalue>
            <alertexpr></alertexpr>
            <alertmissing>1</alertmissing>
            <alertsubject></alertsubject>
            <alertbody></alertbody>
            <enableanomalyalertsuppression></enableanomalyalertsuppression>
            <adadvsettingenabled>false</adadvsettingenabled>
            <warnadadvsetting></warnadadvsetting>
            <erroradadvsetting></erroradadvsetting>
            <criticaladadvsetting></criticaladadvsetting>
            <description>Total size of volume in allocation units</description>
            <maxvalue></maxvalue>
            <minvalue>0</minvalue>
            <userparam1>.1.3.6.1.2.1.25.2.3.1.5.##WILDVALUE##</userparam1>
            <userparam2></userparam2>
            <userparam3></userparam3>
            <iscomposite>false</iscomposite>
            <rpn></rpn>
            <alertTransitionIval>0</alertTransitionIval>
            <alertClearTransitionIval>0</alertClearTransitionIval>
        </datapoint>
        <datapoint>
            <name>TotalSize</name>
            <originId></originId>
            <dataType>7</dataType>
            <type>2</type>
            <postprocessormethod>expression</postprocessormethod>
            <postprocessorparam>Size*AllocationUnits</postprocessorparam>
            <usevalue></usevalue>
            <alertexpr></alertexpr>
            <alertmissing>1</alertmissing>
            <alertsubject></alertsubject>
            <alertbody></alertbody>
            <enableanomalyalertsuppression></enableanomalyalertsuppression>
            <adadvsettingenabled>false</adadvsettingenabled>
            <warnadadvsetting></warnadadvsetting>
            <erroradadvsetting></erroradadvsetting>
            <criticaladadvsetting></criticaladadvsetting>
            <description>Total Size of volume multiplied by allocation units. Indicates number of bytes available for consumption on disk.</description>
            <maxvalue></maxvalue>
            <minvalue>0</minvalue>
            <userparam1></userparam1>
            <userparam2></userparam2>
            <userparam3></userparam3>
            <iscomposite>false</iscomposite>
            <rpn></rpn>
            <alertTransitionIval>0</alertTransitionIval>
            <alertClearTransitionIval>0</alertClearTransitionIval>
        </datapoint>
        <datapoint>
            <name>TotalUsed</name>
            <originId></originId>
            <dataType>7</dataType>
            <type>2</type>
            <postprocessormethod>expression</postprocessormethod>
            <postprocessorparam>Used*AllocationUnits</postprocessorparam>
            <usevalue></usevalue>
            <alertexpr></alertexpr>
            <alertmissing>1</alertmissing>
            <alertsubject></alertsubject>
            <alertbody></alertbody>
            <enableanomalyalertsuppression></enableanomalyalertsuppression>
            <adadvsettingenabled>false</adadvsettingenabled>
            <warnadadvsetting></warnadadvsetting>
            <erroradadvsetting></erroradadvsetting>
            <criticaladadvsetting></criticaladadvsetting>
            <description>Total used space multiplied by allocation units. Indicates total number of bytes already consumed on disk.</description>
            <maxvalue></maxvalue>
            <minvalue>0</minvalue>
            <userparam1></userparam1>
            <userparam2></userparam2>
            <userparam3></userparam3>
            <iscomposite>false</iscomposite>
            <rpn></rpn>
            <alertTransitionIval>0</alertTransitionIval>
            <alertClearTransitionIval>0</alertClearTransitionIval>
        </datapoint>
        <datapoint>
            <name>Used</name>
            <originId></originId>
            <dataType>7</dataType>
            <type>2</type>
            <postprocessormethod>none</postprocessormethod>
            <postprocessorparam></postprocessorparam>
            <usevalue></usevalue>
            <alertexpr></alertexpr>
            <alertmissing>1</alertmissing>
            <alertsubject></alertsubject>
            <alertbody></alertbody>
            <enableanomalyalertsuppression></enableanomalyalertsuppression>
            <adadvsettingenabled>false</adadvsettingenabled>
            <warnadadvsetting></warnadadvsetting>
            <erroradadvsetting></erroradadvsetting>
            <criticaladadvsetting></criticaladadvsetting>
            <description>Total space used in volume measured in allocation units</description>
            <maxvalue></maxvalue>
            <minvalue>0</minvalue>
            <userparam1>.1.3.6.1.2.1.25.2.3.1.6.##WILDVALUE##</userparam1>
            <userparam2></userparam2>
            <userparam3></userparam3>
            <iscomposite>false</iscomposite>
            <rpn></rpn>
            <alertTransitionIval>0</alertTransitionIval>
            <alertClearTransitionIval>0</alertClearTransitionIval>
        </datapoint>
        </datapoints>
        <graphs>
        <graph>
            <name>Allocation Failures</name>
            <title>Allocation Failures</title>
            <originId></originId>            <verticallabel>count</verticallabel>
            <rigid>false</rigid>
            <maxvalue>NaN</maxvalue>
            <minvalue>0.0</minvalue>
            <displayprio>1</displayprio>
            <timescale>1day</timescale>
            <base1024>false</base1024>
            <graphdatapoints>
        <graphdatapoint>
            <name>AllocationFailures</name>
            <datapointname>AllocationFailures</datapointname>
            <originId></originId>
            <cf>2</cf>
        </graphdatapoint>
            </graphdatapoints>
            <graphvirtualdatapoints>
            </graphvirtualdatapoints>
            <graphdatas>
            <graphdata>
                <type>1</type>
                <legend>Allocation Failures</legend>
                <color>silver</color>
                <datapointname>AllocationFailures</datapointname>
                <isvirtualdatapoint>false</isvirtualdatapoint>
            </graphdata>
            </graphdatas>
        </graph>
        <graph>
            <name>Percent Used</name>
            <title>Percent Used</title>
            <originId></originId>            <verticallabel>%</verticallabel>
            <rigid>false</rigid>
            <maxvalue>100.0</maxvalue>
            <minvalue>0.0</minvalue>
            <displayprio>1</displayprio>
            <timescale>1day</timescale>
            <base1024>false</base1024>
            <graphdatapoints>
        <graphdatapoint>
            <name>PercentUsed</name>
            <datapointname>PercentUsed</datapointname>
            <originId></originId>
            <cf>2</cf>
        </graphdatapoint>
            </graphdatapoints>
            <graphvirtualdatapoints>
            </graphvirtualdatapoints>
            <graphdatas>
            <graphdata>
                <type>1</type>
                <legend>Percent Used</legend>
                <color>silver</color>
                <datapointname>PercentUsed</datapointname>
                <isvirtualdatapoint>false</isvirtualdatapoint>
            </graphdata>
            </graphdatas>
        </graph>
        <graph>
            <name>Volume Usage</name>
            <title>Volume Usage</title>
            <originId></originId>            <verticallabel>bytes</verticallabel>
            <rigid>false</rigid>
            <maxvalue>NaN</maxvalue>
            <minvalue>0.0</minvalue>
            <displayprio>1</displayprio>
            <timescale>1day</timescale>
            <base1024>true</base1024>
            <graphdatapoints>
        <graphdatapoint>
            <name>TotalSize</name>
            <datapointname>TotalSize</datapointname>
            <originId></originId>
            <cf>2</cf>
        </graphdatapoint>
        <graphdatapoint>
            <name>TotalUsed</name>
            <datapointname>TotalUsed</datapointname>
            <originId></originId>
            <cf>2</cf>
        </graphdatapoint>
            </graphdatapoints>
            <graphvirtualdatapoints>
        <graphvirtualdatapoint>
            <name>TotalFree</name>
            <rpn>TotalSize-TotalUsed</rpn>
            <originId></originId>
        </graphvirtualdatapoint>
            </graphvirtualdatapoints>
            <graphdatas>
            <graphdata>
                <type>3</type>
                <legend>TotalFree</legend>
                <color>lime</color>
                <datapointname>TotalFree</datapointname>
                <isvirtualdatapoint>true</isvirtualdatapoint>
            </graphdata>
            <graphdata>
                <type>1</type>
                <legend>TotalSize</legend>
                <color>red1</color>
                <datapointname>TotalSize</datapointname>
                <isvirtualdatapoint>false</isvirtualdatapoint>
            </graphdata>
            <graphdata>
                <type>3</type>
                <legend>TotalUsed</legend>
                <color>silver</color>
                <datapointname>TotalUsed</datapointname>
                <isvirtualdatapoint>false</isvirtualdatapoint>
            </graphdata>
            </graphdatas>
        </graph>
        </graphs>
        <overviewgraphs>
        <overviewgraph>
            <name>Top 10 Volumes by Allocation Failures</name>
            <title>Top 10 Volumes by Allocation Failures</title>
            <verticallabel>count</verticallabel>
            <rigid>false</rigid>
            <maxvalue>NaN</maxvalue>
            <minvalue>0.0</minvalue>
            <displayprio>1</displayprio>
            <timescale>1day</timescale>
            <base1024>false</base1024>
            <aggregated>false</aggregated>
            <originId></originId>
            <datapoints>
        <overviewgraphdatapoint>
            <name>AllocationFailures</name>
            <datapointname>AllocationFailures</datapointname>
            <cf>1</cf>
            <aggregateMethod>max</aggregateMethod>
            <originId></originId>
        </overviewgraphdatapoint>
            </datapoints>
            <virtualdatapoints>
            </virtualdatapoints>
            <lines>
            <overviewgraphline>
                <type>1</type>
                <legend>Allocation Failures for ##INSTANCE##</legend>
                <datapointname>AllocationFailures</datapointname>
                <isvirtualdatapoint>false</isvirtualdatapoint>
                <color>silver</color>
            </overviewgraphline>
            </lines>
        </overviewgraph>
        <overviewgraph>
            <name>Top 10 Volumes by Usage</name>
            <title>Top 10 Volumes by Usage</title>
            <verticallabel>%</verticallabel>
            <rigid>false</rigid>
            <maxvalue>100.0</maxvalue>
            <minvalue>0.0</minvalue>
            <displayprio>1</displayprio>
            <timescale>1day</timescale>
            <base1024>false</base1024>
            <aggregated>false</aggregated>
            <originId></originId>
            <datapoints>
        <overviewgraphdatapoint>
            <name>PercentUsed</name>
            <datapointname>PercentUsed</datapointname>
            <cf>1</cf>
            <aggregateMethod>sum</aggregateMethod>
            <originId></originId>
        </overviewgraphdatapoint>
            </datapoints>
            <virtualdatapoints>
            </virtualdatapoints>
            <lines>
            <overviewgraphline>
                <type>2</type>
                <legend>Percent Used for ##INSTANCE##</legend>
                <datapointname>PercentUsed</datapointname>
                <isvirtualdatapoint>false</isvirtualdatapoint>
                <color>silver</color>
            </overviewgraphline>
            </lines>
        </overviewgraph>
        </overviewgraphs>
        <scripts>
        </scripts>
    </entry>
</feed>
