<?xml version="1.0" encoding="UTF-8" ?>
<feed  version="1.0" hasPendingRequests="false" >
  <company></company>
  <status>200</status>
  <errmsg>OK</errmsg>
  <interval>0</interval>
    <entry type="predatasource">
        <version>1590697740</version>
        <name>Windows_SNMP_Services</name>
        <displayedas>Windows Services</displayedas>
        <description>Monitors windows services via SNMP. Records operating state, installed state, and pause / uninstall options.</description>
        <collector>snmp</collector>
        <hasMultiInstances>true</hasMultiInstances>
        <useWildValueAsUniqueIdentifier>false</useWildValueAsUniqueIdentifier>
        <schedule>120</schedule>
        <appliesTo>hasCategory(&#34;snmp&#34;) &#38;&#38; isWindows()</appliesTo>
        <wildcardauto>true</wildcardauto>
        <wildcardpersist>false</wildcardpersist>
        <wildcardlinuxscript>ad_snmp</wildcardlinuxscript>
        <wildcardlinuxcmdline> type=&#34;value&#34; oid=&#34;.1.3.6.1.4.1.77.1.2.3.1.1&#34;  descOid=&#34;&#34; oid2=&#34;&#34;  </wildcardlinuxcmdline>
        <wildcardwinscript>ad_snmp</wildcardwinscript>
        <wildcardwincmdline> type=&#34;value&#34; oid=&#34;.1.3.6.1.4.1.77.1.2.3.1.1&#34;  descOid=&#34;&#34; oid2=&#34;&#34;  </wildcardwincmdline>
        <wildcardgroovyscript></wildcardgroovyscript>
        <wildcardschedule>15</wildcardschedule>
        <wildcarddisable>false</wildcarddisable>
        <wildcarddeleteinactive>false</wildcarddeleteinactive>
        <agdmethod>none</agdmethod>
        <agdparams></agdparams>
        <group></group>
        <tags>snmp,services,windows</tags>
        <technology></technology>
        <adlist><![CDATA[{"agdmethod":"none","method":"ad_snmp","agdparams":"","id":0,"filters":[],"params":{"descOid":"","ad_param_externalresourceid":"","oid":".1.3.6.1.4.1.77.1.2.3.1.1","ILP":"[]","oid2":"","type":"value","ad_param_externalresourcetype":""}}]]></adlist>
        <schemaVersion>2</schemaVersion>
    <integrationMetadata>
        <integrationVersion>1.0.0</integrationVersion>
        <integrationAuthorCompanyUuid>93a8113d-0a80-11e3-89bb-0050569703a4</integrationAuthorCompanyUuid>
        <integrationLineageId>s5VTb71aSUifOCP2bNMYbg</integrationLineageId>
        <integrationChecksum>8b2540cb9f03e2694a26e95eb54e9d22</integrationChecksum>
        <integrationAuthorNamespace>core</integrationAuthorNamespace>
        <integrationId>7d9d1976-aeb1-4afe-ab4f-18149645e112</integrationId>
    </integrationMetadata>
        <dataSourceType>1</dataSourceType>
        <attributes>
        <attribute>
            <name>ip</name>
            <value>dns</value>
            <comment></comment>
        </attribute>
        </attributes>
        <datapoints>
        <datapoint>
            <name>InstalledState</name>
            <originId></originId>
            <dataType>7</dataType>
            <type>2</type>
            <postprocessormethod>none</postprocessormethod>
            <postprocessorparam></postprocessorparam>
            <usevalue></usevalue>
            <alertexpr></alertexpr>
            <alertmissing>1</alertmissing>
            <alertsubject></alertsubject>
            <alertbody></alertbody>
            <enableanomalyalertsuppression></enableanomalyalertsuppression>
            <adadvsettingenabled>false</adadvsettingenabled>
            <warnadadvsetting></warnadadvsetting>
            <erroradadvsetting></erroradadvsetting>
            <criticaladadvsetting></criticaladadvsetting>
            <description>Current state of installation of service.
0=Error
1=Installing
2=Installed
3=Paused
4=Running</description>
            <maxvalue>4</maxvalue>
            <minvalue>0</minvalue>
            <userparam1>.1.3.6.1.4.1.77.1.2.3.1.2.##WILDVALUE##</userparam1>
            <userparam2></userparam2>
            <userparam3></userparam3>
            <iscomposite>false</iscomposite>
            <rpn></rpn>
            <alertTransitionIval>0</alertTransitionIval>
            <alertClearTransitionIval>0</alertClearTransitionIval>
        </datapoint>
        <datapoint>
            <name>OperatingState</name>
            <originId></originId>
            <dataType>7</dataType>
            <type>2</type>
            <postprocessormethod>none</postprocessormethod>
            <postprocessorparam></postprocessorparam>
            <usevalue></usevalue>
            <alertexpr>!= 1</alertexpr>
            <alertmissing>1</alertmissing>
            <alertsubject></alertsubject>
            <alertbody>The Windows service ##INSTANCE## on ##HOST## is running, but not in the OK state.
It may be in error, degraded or starting/stopping state. The current value is ##VALUE##, which exceeds the level ##LEVEL##.

##DSIDESCRIPTION## 

This started at ##START## - or ##DURATION## ago.</alertbody>
            <enableanomalyalertsuppression></enableanomalyalertsuppression>
            <adadvsettingenabled>false</adadvsettingenabled>
            <warnadadvsetting></warnadadvsetting>
            <erroradadvsetting></erroradadvsetting>
            <criticaladadvsetting></criticaladadvsetting>
            <description>Operating state of service
0=Error
1=Ok</description>
            <maxvalue>1</maxvalue>
            <minvalue>0</minvalue>
            <userparam1>.1.3.6.1.4.1.77.1.2.3.1.3.##WILDVALUE##</userparam1>
            <userparam2></userparam2>
            <userparam3></userparam3>
            <iscomposite>false</iscomposite>
            <rpn></rpn>
            <alertTransitionIval>0</alertTransitionIval>
            <alertClearTransitionIval>0</alertClearTransitionIval>
        </datapoint>
        <datapoint>
            <name>ServiceNotRunning</name>
            <originId></originId>
            <dataType>7</dataType>
            <type>2</type>
            <postprocessormethod>expression</postprocessormethod>
            <postprocessorparam>if(eq(OperatingState,0),1,0)</postprocessorparam>
            <usevalue></usevalue>
            <alertexpr></alertexpr>
            <alertmissing>1</alertmissing>
            <alertsubject></alertsubject>
            <alertbody></alertbody>
            <enableanomalyalertsuppression></enableanomalyalertsuppression>
            <adadvsettingenabled>false</adadvsettingenabled>
            <warnadadvsetting></warnadadvsetting>
            <erroradadvsetting></erroradadvsetting>
            <criticaladadvsetting></criticaladadvsetting>
            <description>Conditional datapoint that determines a service is NOT running on a given host</description>
            <maxvalue>1</maxvalue>
            <minvalue>0</minvalue>
            <userparam1></userparam1>
            <userparam2></userparam2>
            <userparam3></userparam3>
            <iscomposite>false</iscomposite>
            <rpn></rpn>
            <alertTransitionIval>0</alertTransitionIval>
            <alertClearTransitionIval>0</alertClearTransitionIval>
        </datapoint>
        </datapoints>
        <graphs>
        <graph>
            <name>Installed State</name>
            <title>Installed State</title>
            <originId></originId>            <verticallabel>status code</verticallabel>
            <rigid>false</rigid>
            <maxvalue>5.0</maxvalue>
            <minvalue>-1.0</minvalue>
            <displayprio>2</displayprio>
            <timescale>1day</timescale>
            <base1024>false</base1024>
            <graphdatapoints>
        <graphdatapoint>
            <name>InstalledState</name>
            <datapointname>InstalledState</datapointname>
            <originId></originId>
            <cf>2</cf>
        </graphdatapoint>
            </graphdatapoints>
            <graphvirtualdatapoints>
            </graphvirtualdatapoints>
            <graphdatas>
            <graphdata>
                <type>2</type>
                <legend>Installed State</legend>
                <color>teal</color>
                <datapointname>InstalledState</datapointname>
                <isvirtualdatapoint>false</isvirtualdatapoint>
            </graphdata>
            </graphdatas>
        </graph>
        <graph>
            <name>Operating State</name>
            <title>Operating State</title>
            <originId></originId>            <verticallabel>0=error, 1=ok</verticallabel>
            <rigid>false</rigid>
            <maxvalue>2.0</maxvalue>
            <minvalue>-1.0</minvalue>
            <displayprio>1</displayprio>
            <timescale>1day</timescale>
            <base1024>false</base1024>
            <graphdatapoints>
        <graphdatapoint>
            <name>OperatingState</name>
            <datapointname>OperatingState</datapointname>
            <originId></originId>
            <cf>2</cf>
        </graphdatapoint>
            </graphdatapoints>
            <graphvirtualdatapoints>
            </graphvirtualdatapoints>
            <graphdatas>
            <graphdata>
                <type>2</type>
                <legend>Operating State</legend>
                <color>olive</color>
                <datapointname>OperatingState</datapointname>
                <isvirtualdatapoint>false</isvirtualdatapoint>
            </graphdata>
            </graphdatas>
        </graph>
        </graphs>
        <overviewgraphs>
        <overviewgraph>
            <name>Total Services</name>
            <title>Total Services</title>
            <verticallabel>count</verticallabel>
            <rigid>false</rigid>
            <maxvalue>NaN</maxvalue>
            <minvalue>0.0</minvalue>
            <displayprio>1</displayprio>
            <timescale>1day</timescale>
            <base1024>false</base1024>
            <aggregated>true</aggregated>
            <originId></originId>
            <datapoints>
        <overviewgraphdatapoint>
            <name>OperatingState</name>
            <datapointname>OperatingState</datapointname>
            <cf>2</cf>
            <aggregateMethod>sum</aggregateMethod>
            <originId></originId>
        </overviewgraphdatapoint>
        <overviewgraphdatapoint>
            <name>ServiceNotRunning</name>
            <datapointname>ServiceNotRunning</datapointname>
            <cf>2</cf>
            <aggregateMethod>sum</aggregateMethod>
            <originId></originId>
        </overviewgraphdatapoint>
            </datapoints>
            <virtualdatapoints>
            </virtualdatapoints>
            <lines>
            <overviewgraphline>
                <type>2</type>
                <legend>Services Running</legend>
                <datapointname>OperatingState</datapointname>
                <isvirtualdatapoint>false</isvirtualdatapoint>
                <color>silver</color>
            </overviewgraphline>
            <overviewgraphline>
                <type>1</type>
                <legend>Services Not Running</legend>
                <datapointname>ServiceNotRunning</datapointname>
                <isvirtualdatapoint>false</isvirtualdatapoint>
                <color>red1</color>
            </overviewgraphline>
            </lines>
        </overviewgraph>
        </overviewgraphs>
        <scripts>
        </scripts>
    </entry>
</feed>
