<?xml version="1.0" encoding="UTF-8" ?>
<feed  version="1.0" hasPendingRequests="false" >
  <company></company>
  <status>200</status>
  <errmsg>OK</errmsg>
  <interval>0</interval>
    <entry type="predatasource">
        <version>1590697740</version>
        <name>Windows_SNMP_Memory</name>
        <displayedas>Memory</displayedas>
        <description>Monitors Windows memory usage, size, and allocation via SNMP</description>
        <collector>snmp</collector>
        <hasMultiInstances>true</hasMultiInstances>
        <useWildValueAsUniqueIdentifier>false</useWildValueAsUniqueIdentifier>
        <schedule>120</schedule>
        <appliesTo>hasCategory(&#34;snmp&#34;) &#38;&#38; isWindows()</appliesTo>
        <wildcardauto>true</wildcardauto>
        <wildcardpersist>false</wildcardpersist>
        <wildcardlinuxscript>ad_snmp</wildcardlinuxscript>
        <wildcardlinuxcmdline> type=&#34;value&#34; oid=&#34;.1.3.6.1.2.1.25.2.3.1.3&#34;  descOid=&#34;&#34; oid2=&#34;&#34;  </wildcardlinuxcmdline>
        <wildcardwinscript>ad_snmp</wildcardwinscript>
        <wildcardwincmdline> type=&#34;value&#34; oid=&#34;.1.3.6.1.2.1.25.2.3.1.3&#34;  descOid=&#34;&#34; oid2=&#34;&#34;  </wildcardwincmdline>
        <wildcardgroovyscript></wildcardgroovyscript>
        <wildcardschedule>1440</wildcardschedule>
        <wildcarddisable>false</wildcarddisable>
        <wildcarddeleteinactive>false</wildcarddeleteinactive>
        <agdmethod>none</agdmethod>
        <agdparams></agdparams>
        <group></group>
        <tags>snmp,windows,hardware</tags>
        <technology></technology>
        <adlist><![CDATA[{"agdmethod":"none","method":"ad_snmp","agdparams":"","id":0,"filters":[{"attribute":".1.3.6.1.2.1.25.2.3.1.3","operation":"Contain","value":"Memory"}],"params":{"descOid":"","ad_param_externalresourceid":"","oid":".1.3.6.1.2.1.25.2.3.1.3","ILP":"[]","oid2":"","type":"value","ad_param_externalresourcetype":""}}]]></adlist>
        <schemaVersion>2</schemaVersion>
    <integrationMetadata>
        <integrationVersion>1.0.0</integrationVersion>
        <integrationAuthorCompanyUuid>93a8113d-0a80-11e3-89bb-0050569703a4</integrationAuthorCompanyUuid>
        <integrationLineageId>jRrsXL9CQFuupCmZx0wDgQ</integrationLineageId>
        <integrationChecksum>0ea40c7517bbc35d6ed773cf2948caf4</integrationChecksum>
        <integrationAuthorNamespace>core</integrationAuthorNamespace>
        <integrationId>eb84eaef-50ca-4c08-90de-133ac1524c3a</integrationId>
    </integrationMetadata>
        <dataSourceType>1</dataSourceType>
        <attributes>
        <attribute>
            <name>ip</name>
            <value>dns</value>
            <comment></comment>
        </attribute>
        <attribute>
            <name>__filter_0</name>
            <value>.1.3.6.1.2.1.25.2.3.1.3	Contain	Memory</value>
            <comment>Memory only</comment>
        </attribute>
        </attributes>
        <datapoints>
        <datapoint>
            <name>AllocationFailures</name>
            <originId></originId>
            <dataType>7</dataType>
            <type>2</type>
            <postprocessormethod>none</postprocessormethod>
            <postprocessorparam></postprocessorparam>
            <usevalue></usevalue>
            <alertexpr></alertexpr>
            <alertmissing>1</alertmissing>
            <alertsubject></alertsubject>
            <alertbody></alertbody>
            <enableanomalyalertsuppression></enableanomalyalertsuppression>
            <adadvsettingenabled>false</adadvsettingenabled>
            <warnadadvsetting></warnadadvsetting>
            <erroradadvsetting></erroradadvsetting>
            <criticaladadvsetting></criticaladadvsetting>
            <description>The number of requests for storage represented by this entry that could not be honored due to not enough storage.  It should be noted that as this object has a SYNTAX of Counter, that it does not have a defined initial value.  However, it is recommended that this object be initialized to zero.</description>
            <maxvalue></maxvalue>
            <minvalue>0</minvalue>
            <userparam1>.1.3.6.1.2.1.25.2.3.1.7.##WILDVALUE##</userparam1>
            <userparam2></userparam2>
            <userparam3></userparam3>
            <iscomposite>false</iscomposite>
            <rpn></rpn>
            <alertTransitionIval>0</alertTransitionIval>
            <alertClearTransitionIval>0</alertClearTransitionIval>
        </datapoint>
        <datapoint>
            <name>AllocationUnits</name>
            <originId></originId>
            <dataType>7</dataType>
            <type>2</type>
            <postprocessormethod>none</postprocessormethod>
            <postprocessorparam></postprocessorparam>
            <usevalue></usevalue>
            <alertexpr></alertexpr>
            <alertmissing>1</alertmissing>
            <alertsubject></alertsubject>
            <alertbody></alertbody>
            <enableanomalyalertsuppression></enableanomalyalertsuppression>
            <adadvsettingenabled>false</adadvsettingenabled>
            <warnadadvsetting></warnadadvsetting>
            <erroradadvsetting></erroradadvsetting>
            <criticaladadvsetting></criticaladadvsetting>
            <description>The size, in bytes, of the data objects allocated from this pool.  If this entry is monitoring sectors, blocks, buffers, or packets, for example, this number will commonly be greater than one. Otherwise this number will typically be one.</description>
            <maxvalue></maxvalue>
            <minvalue>0</minvalue>
            <userparam1>.1.3.6.1.2.1.25.2.3.1.4.##WILDVALUE##</userparam1>
            <userparam2></userparam2>
            <userparam3></userparam3>
            <iscomposite>false</iscomposite>
            <rpn></rpn>
            <alertTransitionIval>0</alertTransitionIval>
            <alertClearTransitionIval>0</alertClearTransitionIval>
        </datapoint>
        <datapoint>
            <name>Size</name>
            <originId></originId>
            <dataType>7</dataType>
            <type>2</type>
            <postprocessormethod>none</postprocessormethod>
            <postprocessorparam></postprocessorparam>
            <usevalue></usevalue>
            <alertexpr></alertexpr>
            <alertmissing>1</alertmissing>
            <alertsubject></alertsubject>
            <alertbody></alertbody>
            <enableanomalyalertsuppression></enableanomalyalertsuppression>
            <adadvsettingenabled>false</adadvsettingenabled>
            <warnadadvsetting></warnadadvsetting>
            <erroradadvsetting></erroradadvsetting>
            <criticaladadvsetting></criticaladadvsetting>
            <description>The size of the storage represented by this entry, in units of hrStorageAllocationUnits.</description>
            <maxvalue></maxvalue>
            <minvalue>0</minvalue>
            <userparam1>.1.3.6.1.2.1.25.2.3.1.5.##WILDVALUE##</userparam1>
            <userparam2></userparam2>
            <userparam3></userparam3>
            <iscomposite>false</iscomposite>
            <rpn></rpn>
            <alertTransitionIval>0</alertTransitionIval>
            <alertClearTransitionIval>0</alertClearTransitionIval>
        </datapoint>
        <datapoint>
            <name>Used</name>
            <originId></originId>
            <dataType>7</dataType>
            <type>2</type>
            <postprocessormethod>none</postprocessormethod>
            <postprocessorparam></postprocessorparam>
            <usevalue></usevalue>
            <alertexpr></alertexpr>
            <alertmissing>1</alertmissing>
            <alertsubject></alertsubject>
            <alertbody></alertbody>
            <enableanomalyalertsuppression></enableanomalyalertsuppression>
            <adadvsettingenabled>false</adadvsettingenabled>
            <warnadadvsetting></warnadadvsetting>
            <erroradadvsetting></erroradadvsetting>
            <criticaladadvsetting></criticaladadvsetting>
            <description>The amount of the storage represented by this entry that is allocated, in units of hrStorageAllocationUnits.</description>
            <maxvalue></maxvalue>
            <minvalue>0</minvalue>
            <userparam1>.1.3.6.1.2.1.25.2.3.1.6.##WILDVALUE##</userparam1>
            <userparam2></userparam2>
            <userparam3></userparam3>
            <iscomposite>false</iscomposite>
            <rpn></rpn>
            <alertTransitionIval>0</alertTransitionIval>
            <alertClearTransitionIval>0</alertClearTransitionIval>
        </datapoint>
        <datapoint>
            <name>percentUsed</name>
            <originId></originId>
            <dataType>7</dataType>
            <type>2</type>
            <postprocessormethod>expression</postprocessormethod>
            <postprocessorparam>(Used/Size)*100</postprocessorparam>
            <usevalue></usevalue>
            <alertexpr>&#62; 90</alertexpr>
            <alertmissing>1</alertmissing>
            <alertsubject></alertsubject>
            <alertbody>The host ##HOST## has ##VALUE## percent memory space in use putting the host in a ##LEVEL## level.
This started at  ##START## and has existed for ##DURATION##
Check to see which processes are consuming memory. You may need to add more memory, more swap space, or change the number/kind of processes run on this server.</alertbody>
            <enableanomalyalertsuppression></enableanomalyalertsuppression>
            <adadvsettingenabled>false</adadvsettingenabled>
            <warnadadvsetting></warnadadvsetting>
            <erroradadvsetting></erroradadvsetting>
            <criticaladadvsetting></criticaladadvsetting>
            <description>Percentage of memory currently in use</description>
            <maxvalue>100</maxvalue>
            <minvalue>0</minvalue>
            <userparam1></userparam1>
            <userparam2></userparam2>
            <userparam3></userparam3>
            <iscomposite>false</iscomposite>
            <rpn></rpn>
            <alertTransitionIval>0</alertTransitionIval>
            <alertClearTransitionIval>0</alertClearTransitionIval>
        </datapoint>
        <datapoint>
            <name>totalSize</name>
            <originId></originId>
            <dataType>7</dataType>
            <type>2</type>
            <postprocessormethod>expression</postprocessormethod>
            <postprocessorparam>Size*AllocationUnits</postprocessorparam>
            <usevalue></usevalue>
            <alertexpr></alertexpr>
            <alertmissing>1</alertmissing>
            <alertsubject></alertsubject>
            <alertbody></alertbody>
            <enableanomalyalertsuppression></enableanomalyalertsuppression>
            <adadvsettingenabled>false</adadvsettingenabled>
            <warnadadvsetting></warnadadvsetting>
            <erroradadvsetting></erroradadvsetting>
            <criticaladadvsetting></criticaladadvsetting>
            <description>Total size of memory store measured in bytes</description>
            <maxvalue></maxvalue>
            <minvalue>0</minvalue>
            <userparam1></userparam1>
            <userparam2></userparam2>
            <userparam3></userparam3>
            <iscomposite>false</iscomposite>
            <rpn></rpn>
            <alertTransitionIval>0</alertTransitionIval>
            <alertClearTransitionIval>0</alertClearTransitionIval>
        </datapoint>
        <datapoint>
            <name>totalUsed</name>
            <originId></originId>
            <dataType>7</dataType>
            <type>2</type>
            <postprocessormethod>expression</postprocessormethod>
            <postprocessorparam>Used*AllocationUnits</postprocessorparam>
            <usevalue></usevalue>
            <alertexpr></alertexpr>
            <alertmissing>1</alertmissing>
            <alertsubject></alertsubject>
            <alertbody></alertbody>
            <enableanomalyalertsuppression></enableanomalyalertsuppression>
            <adadvsettingenabled>false</adadvsettingenabled>
            <warnadadvsetting></warnadadvsetting>
            <erroradadvsetting></erroradadvsetting>
            <criticaladadvsetting></criticaladadvsetting>
            <description>Total amount of memory in use, measured in bytes</description>
            <maxvalue></maxvalue>
            <minvalue>0</minvalue>
            <userparam1></userparam1>
            <userparam2></userparam2>
            <userparam3></userparam3>
            <iscomposite>false</iscomposite>
            <rpn></rpn>
            <alertTransitionIval>0</alertTransitionIval>
            <alertClearTransitionIval>0</alertClearTransitionIval>
        </datapoint>
        </datapoints>
        <graphs>
        <graph>
            <name>Allocation Failures</name>
            <title>Allocation Failures</title>
            <originId></originId>            <verticallabel>count</verticallabel>
            <rigid>false</rigid>
            <maxvalue>NaN</maxvalue>
            <minvalue>0.0</minvalue>
            <displayprio>1</displayprio>
            <timescale>1day</timescale>
            <base1024>false</base1024>
            <graphdatapoints>
        <graphdatapoint>
            <name>AllocationFailures</name>
            <datapointname>AllocationFailures</datapointname>
            <originId></originId>
            <cf>2</cf>
        </graphdatapoint>
            </graphdatapoints>
            <graphvirtualdatapoints>
            </graphvirtualdatapoints>
            <graphdatas>
            <graphdata>
                <type>1</type>
                <legend>Allocation Failures</legend>
                <color>silver</color>
                <datapointname>AllocationFailures</datapointname>
                <isvirtualdatapoint>false</isvirtualdatapoint>
            </graphdata>
            </graphdatas>
        </graph>
        <graph>
            <name>Percent Used</name>
            <title>Percent Used</title>
            <originId></originId>            <verticallabel>%</verticallabel>
            <rigid>false</rigid>
            <maxvalue>100.0</maxvalue>
            <minvalue>0.0</minvalue>
            <displayprio>3</displayprio>
            <timescale>1day</timescale>
            <base1024>false</base1024>
            <graphdatapoints>
        <graphdatapoint>
            <name>Percent_Used</name>
            <datapointname>percentUsed</datapointname>
            <originId></originId>
            <cf>2</cf>
        </graphdatapoint>
            </graphdatapoints>
            <graphvirtualdatapoints>
            </graphvirtualdatapoints>
            <graphdatas>
            <graphdata>
                <type>2</type>
                <legend>Percent_Used</legend>
                <color>silver</color>
                <datapointname>Percent_Used</datapointname>
                <isvirtualdatapoint>false</isvirtualdatapoint>
            </graphdata>
            </graphdatas>
        </graph>
        <graph>
            <name>Total Memory Stats</name>
            <title>Total Memory Stats</title>
            <originId></originId>            <verticallabel>bytes</verticallabel>
            <rigid>false</rigid>
            <maxvalue>NaN</maxvalue>
            <minvalue>0.0</minvalue>
            <displayprio>3</displayprio>
            <timescale>1day</timescale>
            <base1024>false</base1024>
            <graphdatapoints>
        <graphdatapoint>
            <name>totalSize</name>
            <datapointname>totalSize</datapointname>
            <originId></originId>
            <cf>1</cf>
        </graphdatapoint>
        <graphdatapoint>
            <name>totalUsed</name>
            <datapointname>totalUsed</datapointname>
            <originId></originId>
            <cf>1</cf>
        </graphdatapoint>
            </graphdatapoints>
            <graphvirtualdatapoints>
        <graphvirtualdatapoint>
            <name>totalFree</name>
            <rpn>totalSize-totalUsed</rpn>
            <originId></originId>
        </graphvirtualdatapoint>
            </graphvirtualdatapoints>
            <graphdatas>
            <graphdata>
                <type>3</type>
                <legend>Total Free</legend>
                <color>lime</color>
                <datapointname>totalFree</datapointname>
                <isvirtualdatapoint>true</isvirtualdatapoint>
            </graphdata>
            <graphdata>
                <type>1</type>
                <legend>Total Size</legend>
                <color>silver</color>
                <datapointname>totalSize</datapointname>
                <isvirtualdatapoint>false</isvirtualdatapoint>
            </graphdata>
            <graphdata>
                <type>3</type>
                <legend>Total Used</legend>
                <color>red1</color>
                <datapointname>totalUsed</datapointname>
                <isvirtualdatapoint>false</isvirtualdatapoint>
            </graphdata>
            </graphdatas>
        </graph>
        </graphs>
        <overviewgraphs>
        <overviewgraph>
            <name>Top 10 Volumes by Percent Usage</name>
            <title>Top 10 Volumes by Percent Usage</title>
            <verticallabel>%</verticallabel>
            <rigid>false</rigid>
            <maxvalue>100.0</maxvalue>
            <minvalue>0.0</minvalue>
            <displayprio>1</displayprio>
            <timescale>1day</timescale>
            <base1024>false</base1024>
            <aggregated>false</aggregated>
            <originId></originId>
            <datapoints>
        <overviewgraphdatapoint>
            <name>percentUsed</name>
            <datapointname>percentUsed</datapointname>
            <cf>1</cf>
            <aggregateMethod>sum</aggregateMethod>
            <originId></originId>
        </overviewgraphdatapoint>
            </datapoints>
            <virtualdatapoints>
            </virtualdatapoints>
            <lines>
            <overviewgraphline>
                <type>1</type>
                <legend>##INSTANCE##</legend>
                <datapointname>percentUsed</datapointname>
                <isvirtualdatapoint>false</isvirtualdatapoint>
                <color>silver</color>
            </overviewgraphline>
            </lines>
        </overviewgraph>
        </overviewgraphs>
        <scripts>
        </scripts>
    </entry>
</feed>
